{"cameraMode":{"drawMode":0,"name":"Shaded","section":"Shading Mode"},"sceneLighting":false,"audioPlay":false,"sceneViewState":{"m_AlwaysRefresh":false,"showFog":true,"showSkybox":false,"showFlares":true,"showImageEffects":true,"showParticleSystems":true,"showVisualEffectGraphs":true,"m_FxEnabled":true},"in2DMode":false,"pivot":{"x":-1.6042873859405518,"y":1.7663919925689698,"z":3.588460683822632},"rotation":{"x":0.2958223223686218,"y":-0.003995438572019339,"z":0.0012610935373231769,"w":0.9552651047706604},"size":7.959256649017334,"orthographic":false}